clip_id,take_folder,activity,ground_truth,exo_full_answer,exo_predicted,exo_correct,ego_full_answer,ego_predicted,ego_correct
0315b91a-b56f-4fc5-87f5-28c33c3fffab,upenn_0717_Piano_3_3,Music,Late Expert,"Observations: The man is playing the piano with his right hand. He is looking at the sheet music on the piano stand.

Errors: The man is not using his left hand to play the piano.

Skill Level: Novice",Novice,False,"Observations: The person plays the piano with both hands. The left hand plays the lower notes while the right hand plays the higher notes. The person reads the sheet music on the piano stand.

Errors: The person does not play the piano with the correct technique. The person does not read the sheet music correctly.

Skill Level: Novice",Novice,False
0c49cda5-7e55-46d8-8f1f-522ed1924a79,sfu_cooking_009_3,Cooking,Early Expert,"Observations: The woman is standing at the kitchen counter, holding a knife in her right hand and a piece of meat in her left hand. She is cutting the meat with the knife.

Errors: There are no apparent errors in the woman's movements.

Skill Level: Intermediate Expert",Intermediate Expert,False,"Observations: The person picks up the spatula with her right hand and uses it to flip the egg in the pan.

Errors: The person should have used both hands to flip the egg, as this would provide better control and prevent the egg from breaking.

Skill Level: Intermediate Expert",Intermediate Expert,False
cc808903-3102-4b15-a4a0-204f1379cdb3,sfu_basketball015_20,Basketball,Novice,"Observations: The woman in pink is dribbling a basketball on a court. She is wearing a pink shirt and black pants. There are two people sitting on a bench watching her. One person is standing next to the bench.

Errors: The woman in pink is not shooting the ball into the hoop. She is just dribbling it around the court.

Skill Level: Novice",Novice,True,"Observations: A man X throws a ball into a basketball hoop. A woman Y catches the ball. The woman Y throws the ball to a man Z. The man Z throws the ball into a basketball hoop.

Errors: None.

Skill Level: Intermediate Expert",Intermediate Expert,False
126eb2a4-4d4f-4d35-b390-7d9550b54c60,iiith_cooking_13_1,Cooking,Novice,"Observations: The woman is cooking on the stove. She is wearing glasses and has her hair tied back. She is standing in front of the stove, looking at the food she is cooking. She is wearing a white shirt with black flowers on it. There is a camera on a tripod behind her.

Errors: The woman is not using any utensils to cook the food. She is not stirring the food or flipping it over. She is just standing there watching the food cook.

Skill Level: Novice",Novice,True,"Observations: The person is cooking an omelette on a stove. They are using a spatula to flip the omelette. There is a camera on a tripod in front of them, recording the cooking process.

Errors: The person is not wearing an apron, which could be a safety concern while cooking. Additionally, they are not using a lid to cover the pan while cooking, which could cause the eggs to stick to the pan and burn.

Skill Level: Intermediate Expert",Intermediate Expert,False
085a7b00-4a7a-447e-9598-b7afa31b682c,utokyo_soccer_8000_46_47_10,Soccer,Intermediate Expert,"Observations: The person is kicking a ball on a field.

Errors: The person is not wearing proper soccer cleats, which could affect their performance.

Skill Level: Novice",Novice,False,"Observations: The person kicks the ball with his right foot.

Errors: The person should have kicked the ball with his left foot.

Skill Level: Novice",Novice,False
1377b49e-4a24-4e91-9fdb-709911b72f9a,upenn_0702_Cooking_3_2,Cooking,Novice,"Observations: The man X picks a bowl on the kitchen counter with his right hand.

Errors: None.

Skill Level: Intermediate Expert",Intermediate Expert,False,"Observations: The person picks up a cucumber from the chopping board with his left hand, then picks up a knife with his right hand. He places the cucumber on a plate on the counter with his left hand, then cuts the cucumber into pieces with the knife in his right hand. He then picks up the cucumber pieces from the plate with his left hand, then picks up the knife with his right hand. He places the cucumber pieces on the chopping board with his left hand, then cuts the cucumber pieces into smaller pieces with the knife in his right hand.

Errors: There are no apparent errors in the person's movements.

Skill Level: Intermediate Expert",Intermediate Expert,False
13f606fc-d7be-4b4e-a655-a090d921cf65,unc_basketball_03-16-23_02_25,Basketball,Early Expert,"Observations: A woman is standing on a basketball court, holding a basketball in her right hand. She is wearing a pink shirt and black pants. She is looking at the basketball hoop.

Errors: The woman is not actively engaged in any specific basketball-related activity. She is simply standing with the ball in her hand, looking at the hoop.

Skill Level: Novice",Novice,False,Observations: The man X throws the ball to C. C throws the ball to the basketball hoop. The man Y catches the ball. The man Y throws the ball to C. C throws the ball to the basketball hoop. The man Y catches the ball. The man Y throws the ball to C. C throws the ball to the basketball hoop. The man Y catches the ball. The man Y throws the ball to C. C throws the ball to the basketball hoop. The man Y catches the ball. The man Y throws the ball to C. C throws the ball to the basketball hoop. The man Y catches the ball. The man Y throws the ball to C. C throws the ball to the basketball hoop. The man Y catches the ball. The man Y throws the ball to C. C throws the ball to the basketball hoop. The man Y catches the ball. The man Y throws the ball to C. C throws the ball to the basketball hoop. The man Y catches the ball. The man Y throws the ball to C. C throws the ball to the basketball hoop. The man Y catches the ball. The man Y throws the ball to C. C throws the ball to the basketball hoop. The man Y catches the ball. The man Y throws the ball to C. C throws the ball to the basketball hoop. The man Y catches the ball. The man Y throws the ball to C. C throws the ball to the basketball hoop. The man Y catches,Unknown,False
24b82426-f1ff-4756-892b-bbf51aecd04d,unc_basketball_03-16-23_02_7,Basketball,Early Expert,"Observations: The man X throws the ball to the basketball hoop. The woman Y catches the ball with her hands.

Errors: None.

Skill Level: Intermediate Expert",Intermediate Expert,False,Observations: The man X throws the ball to C. C throws the ball to the basket. The man Y catches the ball. The man Y throws the ball to the basket. The man X catches the ball. The man X throws the ball to the basket. The man Y catches the ball. The man Y throws the ball to the basket. The man X catches the ball. The man X throws the ball to the basket. The man Y catches the ball. The man Y throws the ball to the basket. The man X catches the ball. The man X throws the ball to the basket. The man Y catches the ball. The man Y throws the ball to the basket. The man X catches the ball. The man X throws the ball to the basket. The man Y catches the ball. The man Y throws the ball to the basket. The man X catches the ball. The man X throws the ball to the basket. The man Y catches the ball. The man Y throws the ball to the basket. The man X catches the ball. The man X throws the ball to the basket. The man Y catches the ball. The man Y throws the ball to the basket. The man X catches the ball. The man X throws the ball to the basket. The man Y catches the ball. The man Y throws the ball to the basket. The man X catches the ball. The man X throws the ball to the basket. The man Y catches the ball. The,Unknown,False
08e909ba-da1b-4509-9b04-2986cf580e50,unc_basketball_03-16-23_02_14,Basketball,Early Expert,"Observations: The man A throws the ball to the basket. The man B catches the ball. The man B throws the ball to the basket. The man A catches the ball.

Errors: None.

Skill Level: Intermediate Expert",Intermediate Expert,False,"Observations: A man X throws a ball into a basketball hoop.

Errors: The ball is not thrown with enough force to reach the basket.

Skill Level: Novice",Novice,False
03d19dd1-75af-491f-bafa-6639b3fadacf,uniandes_basketball_005_3,Basketball,Intermediate Expert,"Observations: The man jumps up and throws the ball into the hoop.

Errors: The man jumps up and throws the ball into the hoop.

Skill Level: Intermediate Expert",Intermediate Expert,True,Observations: A man is playing basketball. The man throws the ball to the basket. The ball goes through the basket. The man catches the ball. The man throws the ball to the basket. The ball goes through the basket. The man catches the ball. The man throws the ball to the basket. The ball goes through the basket. The man catches the ball. The man throws the ball to the basket. The ball goes through the basket. The man catches the ball. The man throws the ball to the basket. The ball goes through the basket. The man catches the ball. The man throws the ball to the basket. The ball goes through the basket. The man catches the ball. The man throws the ball to the basket. The ball goes through the basket. The man catches the ball. The man throws the ball to the basket. The ball goes through the basket. The man catches the ball. The man throws the ball to the basket. The ball goes through the basket. The man catches the ball. The man throws the ball to the basket. The ball goes through the basket. The man catches the ball. The man throws the ball to the basket. The ball goes through the basket. The man catches the ball. The man throws the ball to the basket. The ball goes through the basket. The man catches the ball. The man throws the ball to the basket. The ball goes through the basket. The man catches the ball. The man throws the ball,Unknown,False
20bc64ed-0612-4f59-9822-7ef409c7fdd4,uniandes_basketball_004_49,Basketball,Early Expert,"Observations: The man jumps up and throws the ball into the hoop.

Errors: The man jumps up and throws the ball into the hoop.

Skill Level: Intermediate Expert",Intermediate Expert,False,"Observations: The man X throws the ball to the basketball hoop. The man Y catches the ball. The man Z throws the ball to the basketball hoop. The man X catches the ball. The man X throws the ball to the basketball hoop. The man Y catches the ball. The man Z throws the ball to the basketball hoop. The man X catches the ball.

Errors: The man X throws the ball to the basketball hoop. The man Y catches the ball. The man Z throws the ball to the basketball hoop. The man X catches the ball. The man X throws the ball to the basketball hoop. The man Y catches the ball. The man Z throws the ball to the basketball hoop. The man X catches the ball.

Skill Level: Intermediate Expert",Intermediate Expert,False
0b812849-e4a6-47f3-a379-0127f36bce72,upenn_0331_Guitar_1_5,Music,Intermediate Expert,"Observations: The person is playing the guitar while wearing a helmet with sensors attached to it. He is standing on a chair and looking at the sheet music on a stand. He is holding the guitar with both hands and strumming the strings.

Errors: The person is not moving his head or body much, which may affect the accuracy of the data collected by the sensors on the helmet. Additionally, he is not moving his fingers on the guitar neck, which may indicate that he is not playing the correct notes.

Skill Level: Novice",Novice,False,Observations: A man X walks into the room. The man X stands behind the camera. The man X crosses his arms. The man X looks at the camera. The man X looks at the music sheet. The man X looks at the camera. The man X looks at the music sheet. The man X looks at the camera. The man X looks at the music sheet. The man X looks at the camera. The man X looks at the music sheet. The man X looks at the camera. The man X looks at the music sheet. The man X looks at the camera. The man X looks at the music sheet. The man X looks at the camera. The man X looks at the music sheet. The man X looks at the camera. The man X looks at the music sheet. The man X looks at the camera. The man X looks at the music sheet. The man X looks at the camera. The man X looks at the music sheet. The man X looks at the camera. The man X looks at the music sheet. The man X looks at the camera. The man X looks at the music sheet. The man X looks at the camera. The man X looks at the music sheet. The man X looks at the camera. The man X looks at the music sheet. The man X looks at the camera. The man X looks at the music sheet. The man X looks at the camera. The man X looks at the music sheet. The man,Unknown,False
196ecf05-aecd-4f42-8321-67300d8bb6cd,upenn_0710_Cooking_1_3,Cooking,Novice,"Observations: A woman is standing in front of the oven with a camera on her head. She is holding a camera in her right hand and is looking at it.

Errors: The woman is not using the camera correctly. She should be using it to film something, but she is just holding it in her hand.

Skill Level: Novice",Novice,True,"Observations: The person is cooking food on a stove. They are using a spatula to stir the food in a pan. There is a cutting board with chopped vegetables on the counter next to the stove.

Errors: The person is not wearing an apron, which could be useful for protecting their clothes while cooking. Additionally, they are not using any utensils other than the spatula, which may not be the most efficient way to cook the food.

Skill Level: Intermediate Expert",Intermediate Expert,False
a3cfad7c-b099-4729-b168-fff85dfe5a32,iiith_guitar_002_6,Music,Early Expert,"Observations: The man is playing guitar while sitting on a chair. He is wearing a helmet with a microphone attached to it. There are music stands, a keyboard, and other musical instruments in the background.

Errors: The man is not moving his fingers on the guitar strings. He is just holding the guitar and looking at the camera.

Skill Level: Novice",Novice,False,"Observations: The man X plays the guitar with his left hand on the neck of the guitar and his right hand on the strings. The man X looks at the music sheet.

Errors: The man X does not look at the music sheet while playing the guitar.

Skill Level: Intermediate Expert",Intermediate Expert,False
127941e8-52d5-494f-901b-af3521a67ae3,sfu_cooking_003_1,Cooking,Early Expert,"Observations: A man X stirs food in a pot on the stove with chopsticks. He holds a bowl of food in his left hand. The man X is wearing a black jacket and gray pants.

Errors: None.

Skill Level: Intermediate Expert",Intermediate Expert,False,"Observations: The person puts the bowl on the counter and picks up the pan with the chopsticks. Then, the person pours the eggs into the pan.

Errors: There are none.

Skill Level: Intermediate Expert",Intermediate Expert,False
01b0a6e3-04ce-4f0d-8df4-b3d3c1508780,iiith_cooking_44_1,Cooking,Intermediate Expert,"Observations: The woman is cooking food on a stove. She is using a spatula to flip the food in a pan. She is wearing a sari and glasses.

Errors: The woman is not wearing an apron, which could be useful for protecting her clothing while cooking.

Skill Level: Intermediate Expert",Intermediate Expert,True,"Observations: The woman is cooking on a stove. She is using a spatula to flip a pancake in a pan. She is holding a bowl with her left hand.

Errors: The woman is not wearing an apron, which could be useful for protecting her clothes while cooking.

Skill Level: Intermediate Expert",Intermediate Expert,True
1a67463e-10d0-4228-ae9c-a20ffe417b5a,unc_basketball_03-16-23_02_15,Basketball,Early Expert,"Observations: The man jumps up and throws the ball into the hoop.

Errors: The man should have thrown the ball with both hands to increase accuracy.

Skill Level: Intermediate Expert",Intermediate Expert,False,"Observations: A man X throws a basketball towards the hoop. The ball goes through the hoop. The man X catches the ball with his right hand.

Errors: None.

Skill Level: Intermediate Expert",Intermediate Expert,False
181b7c2f-4854-4d1c-83e0-dbc7d7c92df3,utokyo_soccer_8000_46_47_12,Soccer,Intermediate Expert,"Observations: The person kicks the ball with his right foot.

Errors: The person does not follow through after kicking the ball.

Skill Level: Novice",Novice,False,"Observations: The person kicks the ball towards the goal.

Errors: The person kicks the ball too far away from the goal.

Skill Level: Novice",Novice,False
3e584c51-28f9-4b02-8439-324d4ce8101c,iiith_soccer_041_2,Soccer,Late Expert,"Observations: The man in the red shirt is kicking a soccer ball with his right foot. He is standing on a green field with white cones and a net. There are other people in the background, but they are not interacting with the man in the red shirt.

Errors: The man in the red shirt is not wearing proper soccer cleats, which could affect his performance. Additionally, he is not wearing a helmet, which could be dangerous if he were to fall or collide with another player.

Skill Level: Novice",Novice,False,Observations: The man K puts the ball on the ground with his right foot. The man K picks up the ball with his right foot. The man K kicks the ball with his right foot. The man K picks up the ball with his right foot. The man K kicks the ball with his right foot. The man K picks up the ball with his right foot. The man K kicks the ball with his right foot. The man K picks up the ball with his right foot. The man K kicks the ball with his right foot. The man K picks up the ball with his right foot. The man K kicks the ball with his right foot. The man K picks up the ball with his right foot. The man K kicks the ball with his right foot. The man K picks up the ball with his right foot. The man K kicks the ball with his right foot. The man K picks up the ball with his right foot. The man K kicks the ball with his right foot. The man K picks up the ball with his right foot. The man K kicks the ball with his right foot. The man K picks up the ball with his right foot. The man K kicks the ball with his right foot. The man K picks up the ball with his right foot. The man K kicks the ball with his right foot. The man K picks up the ball with his right foot. The man K kicks the ball with his right foot. The man K picks up the ball,Unknown,False
09992555-13bf-4056-a0c8-b5058853b778,upenn_0707_Guitar_1_6,Music,Late Expert,"Observations: The man plays the guitar with his left hand on the neck and right hand on the strings. He reads the music sheet placed on the stand.

Errors: The man does not move his head while playing the guitar.

Skill Level: Intermediate Expert",Intermediate Expert,False,Observations: The man X plays the guitar. The man X looks at the music book. The man X moves his left hand on the guitar neck. The man X moves his right hand on the guitar neck. The man X moves his left hand on the guitar neck. The man X moves his right hand on the guitar neck. The man X moves his left hand on the guitar neck. The man X moves his right hand on the guitar neck. The man X moves his left hand on the guitar neck. The man X moves his right hand on the guitar neck. The man X moves his left hand on the guitar neck. The man X moves his right hand on the guitar neck. The man X moves his left hand on the guitar neck. The man X moves his right hand on the guitar neck. The man X moves his left hand on the guitar neck. The man X moves his right hand on the guitar neck. The man X moves his left hand on the guitar neck. The man X moves his right hand on the guitar neck. The man X moves his left hand on the guitar neck. The man X moves his right hand on the guitar neck. The man X moves his left hand on the guitar neck. The man X moves his right hand on the guitar neck. The man X moves his left hand on the guitar neck. The man X moves his right hand on the guitar neck. The man X moves his left hand on the guitar neck. The man X moves his,Unknown,False
06a5f0fa-7508-4dd7-8e9e-64c7e3a3a977,sfu_basketball_10_30,Basketball,Intermediate Expert,"Observations: The man A throws the ball to the basket with his right hand.

Errors: None.

Skill Level: Intermediate Expert",Intermediate Expert,True,"Observations: The man X throws the ball into the basket.

Errors: None.

Skill Level: Intermediate Expert",Intermediate Expert,True
375f6d12-23dd-4ad1-b02a-9fd9f7a8c991,sfu_cooking_009_5,Cooking,Early Expert,"Observations: The woman is standing at the kitchen counter, holding a cup in her right hand and a spoon in her left hand. She is stirring something in the cup with the spoon.

Errors: There are no apparent errors in the woman's movements.

Skill Level: Intermediate Expert",Intermediate Expert,False,"Observations: The person puts the lid on the pot, then picks up the spoon and stirs the food in the pan.

Errors: There is no error.

Skill Level: Intermediate Expert",Intermediate Expert,False
019eb55a-edb3-470f-b953-975aeb596f14,unc_basketball_02-24-23_01_5,Basketball,Early Expert,"Observations: The man B picks up the ball with his right hand, holds it with both hands, and throws it into the basket.

Errors: The man B should have thrown the ball with his right hand.

Skill Level: Novice",Novice,False,"Observations: The person is playing basketball. They are holding a ball with both hands, and they are jumping to throw the ball into the hoop.

Errors: The person is not wearing a helmet, which could be dangerous if they fall while jumping.

Skill Level: Novice",Novice,False
18e1e279-78e1-4c10-97a7-42dace59267b,iiith_soccer_020_2,Soccer,Late Expert,"Observations: The man in white is kicking a ball with his right foot. He is standing on a grassy field with other people around him. There are cones and a net in the background.

Errors: The man in white is not wearing proper soccer cleats, which could affect his performance.

Skill Level: Novice",Novice,False,"Observations: The man X kicks the ball towards the goal post.

Errors: The man X kicks the ball towards the goal post.

Skill Level: Intermediate Expert",Intermediate Expert,False
444075c4-aed8-4c06-81cf-d05df0bcb207,iiith_soccer_006_4,Soccer,Late Expert,"Observations: A man in a black shirt is kicking a soccer ball. He is standing on a grassy field with other people around him. There is a net behind him.

Errors: The man in the black shirt is not wearing proper soccer cleats, which could affect his performance.

Skill Level: Novice",Novice,False,Observations: A man X stands on the football pitch. The man X holds a ball with his right hand. The man X throws the ball to the man Y. The man Y catches the ball with his hands. The man Y throws the ball to the man X. The man X catches the ball with his hands. The man X throws the ball to the man Y. The man Y catches the ball with his hands. The man Y throws the ball to the man X. The man X catches the ball with his hands. The man X throws the ball to the man Y. The man Y catches the ball with his hands. The man Y throws the ball to the man X. The man X catches the ball with his hands. The man X throws the ball to the man Y. The man Y catches the ball with his hands. The man Y throws the ball to the man X. The man X catches the ball with his hands. The man X throws the ball to the man Y. The man Y catches the ball with his hands. The man Y throws the ball to the man X. The man X catches the ball with his hands. The man X throws the ball to the man Y. The man Y catches the ball with his hands. The man Y throws the ball to the man X. The man X catches the ball with his hands. The man X throws the ball to the man Y. The man Y catches the ball with his hands. The man Y throws,Unknown,False
aab43780-401b-4673-b2c2-fc3521e98bea,unc_basketball_03-31-23_01_43,Basketball,Late Expert,"Observations: The man B throws the ball into the basket with his right hand.

Errors: None.

Skill Level: Intermediate Expert",Intermediate Expert,False,"Observations: The man X throws the ball into the basket.

Errors: None.

Skill Level: Intermediate Expert",Intermediate Expert,False
2336980a-6599-4f18-8a4c-6f2aa92ed536,sfu_cooking_002_1,Cooking,Novice,"Observations: The man X picks a cup from the kitchen counter with his right hand.

Errors: None.

Skill Level: Intermediate Expert",Intermediate Expert,False,Observations: The man picks up the chopping board with his left hand and puts it on the counter. He then picks up the bowl with his right hand and puts it on the counter. He picks up the knife with his right hand and puts it on the chopping board. He picks up the onion with his left hand and puts it on the chopping board. He picks up the knife with his right hand and cuts the onion into pieces. He picks up the pieces of onion with his left hand and puts them in the bowl. He picks up the pieces of onion with his right hand and puts them in the bowl. He picks up the pieces of onion with his left hand and puts them in the bowl. He picks up the pieces of onion with his right hand and puts them in the bowl. He picks up the pieces of onion with his left hand and puts them in the bowl. He picks up the pieces of onion with his right hand and puts them in the bowl. He picks up the pieces of onion with his left hand and puts them in the bowl. He picks up the pieces of onion with his right hand and puts them in the bowl. He picks up the pieces of onion with his left hand and puts them in the bowl. He picks up the pieces of onion with his right hand and puts them in the bowl. He picks up the pieces of onion with his left hand and puts them in the bowl. He picks up the pieces of onion with his right hand and puts them,Unknown,False
19df5a1f-ff4f-427d-9f9a-61f001512a19,upenn_0407_Violin_2_5,Music,Intermediate Expert,"Observations: The woman is playing the violin while sitting on a chair. She is wearing a pink shirt, black pants, and white shoes. She has a microphone attached to her shirt and is looking at the music sheet in front of her.

Errors: The woman is not holding the violin properly. Her left hand is not positioned correctly on the neck of the violin, and she is not using the bow correctly. Additionally, she is not looking at the music sheet consistently.

Skill Level: Novice",Novice,False,"Observations: The person is playing the violin. The person is holding the violin with his left hand and moving the bow with his right hand.

Errors: The person is not looking at the music sheet while playing the violin.

Skill Level: Intermediate Expert",Intermediate Expert,True
2be5ff82-31ab-4ba1-8a42-7bbd89e988ea,iiith_soccer_053_2,Soccer,Intermediate Expert,"Observations: The person is kicking a ball with his right foot.

Errors: The person is not maintaining proper posture while kicking the ball.

Skill Level: Novice",Novice,False,"Observations: The person kicks the ball with his right foot.

Errors: The person kicks the ball with his right foot.

Skill Level: Novice",Novice,False
34d092b6-7e39-4048-af8b-ada7c44bb59a,iiith_soccer_028_6,Soccer,Late Expert,"Observations: The man in the blue shirt is kicking a ball with his right foot. He is standing on a soccer field, and there are other people in the background. There are cones on the ground, and a net is visible to the left.

Errors: The man in the blue shirt is not wearing proper soccer cleats. He is also not wearing a helmet for protection.

Skill Level: Novice",Novice,False,"Observations: The man X kicks the ball towards the goal post with his right foot.

Errors: N/A

Skill Level: Intermediate Expert",Intermediate Expert,False
527abbcb-0144-418a-9096-1ca2de8f26f0,iiith_guitar_002_4,Music,Early Expert,"Observations: The person is playing the guitar while sitting on a chair. He is wearing a helmet and sunglasses.

Errors: The person is not moving his hands or fingers on the guitar strings, which means he is not playing the guitar.

Skill Level: Novice",Novice,False,"Observations: The man X plays the guitar. The man X looks at the music sheet. The man X moves his left hand on the guitar neck. The man X moves his right hand on the guitar strings.

Errors: The man X does not look at the music sheet while playing the guitar.

Skill Level: Intermediate Expert",Intermediate Expert,False
1e0d9cb9-849f-4ca7-beeb-b13a5d4c6668,uniandes_basketball_004_50,Basketball,Early Expert,"Observations: A man is playing basketball in a gym. He is dribbling the ball with his right hand. There are other people in the background, but they are not interacting with him.

Errors: The man is not wearing a helmet or any protective gear while playing basketball. This could be dangerous if he falls or collides with another player.

Skill Level: Novice",Novice,False,Observations: The man X picks a ball on the floor with his right hand. The man X throws the ball to C. C catches the ball with both hands. C dribbles the ball with his left hand. C throws the ball to the basket. The ball goes through the basket. The man X picks the ball on the floor with his right hand. The man X throws the ball to C. C catches the ball with both hands. C dribbles the ball with his left hand. C throws the ball to the basket. The ball goes through the basket. The man X picks the ball on the floor with his right hand. The man X throws the ball to C. C catches the ball with both hands. C dribbles the ball with his left hand. C throws the ball to the basket. The ball goes through the basket. The man X picks the ball on the floor with his right hand. The man X throws the ball to C. C catches the ball with both hands. C dribbles the ball with his left hand. C throws the ball to the basket. The ball goes through the basket. The man X picks the ball on the floor with his right hand. The man X throws the ball to C. C catches the ball with both hands. C dribbles the ball with his left hand. C throws the ball to the basket. The ball goes through the basket. The man X picks the ball on the floor with his right hand. The man X,Unknown,False
06c44d8c-98e6-4204-bb90-edfa26f8ab33,unc_basketball_03-17-23_01_11,Basketball,Intermediate Expert,"Observations: The man X throws the ball to the man Y who catches it. Then, the man X throws the ball to the man Y who catches it again. After that, the man X throws the ball to the man Y who catches it. Finally, the man X throws the ball to the man Y who catches it.

Errors: The man X throws the ball to the man Y who catches it. Then, the man X throws the ball to the man Y who catches it again. After that, the man X throws the ball to the man Y who catches it. Finally, the man X throws the ball to the man Y who catches it.

Skill Level: Intermediate Expert",Intermediate Expert,True,Observations: A man X throws a ball to C. C catches the ball. C throws the ball to man X. Man X catches the ball. Man X throws the ball to C. C catches the ball. C throws the ball to man X. Man X catches the ball. Man X throws the ball to C. C catches the ball. C throws the ball to man X. Man X catches the ball. Man X throws the ball to C. C catches the ball. C throws the ball to man X. Man X catches the ball. Man X throws the ball to C. C catches the ball. C throws the ball to man X. Man X catches the ball. Man X throws the ball to C. C catches the ball. C throws the ball to man X. Man X catches the ball. Man X throws the ball to C. C catches the ball. C throws the ball to man X. Man X catches the ball. Man X throws the ball to C. C catches the ball. C throws the ball to man X. Man X catches the ball. Man X throws the ball to C. C catches the ball. C throws the ball to man X. Man X catches the ball. Man X throws the ball to C. C catches the ball. C throws the ball to man X. Man X catches the ball. Man X throws the ball to C. C catches the ball. C throws the ball to man X. Man X catches the ball,Unknown,False
06434a91-b0b1-4cd9-860e-d16fb4bd8331,upenn_0725_Duet_Violin_1_2_4,Music,Late Expert,"Observations: The man X plays the violin. The woman Y plays the violin.

Errors: None.

Skill Level: Intermediate Expert",Intermediate Expert,False,"Observations: The woman X plays the violin with her left hand on the neck of the violin and her right hand on the bow. The woman Y plays the violin with her left hand on the neck of the violin and her right hand on the bow.

Errors: None.

Skill Level: Intermediate Expert",Intermediate Expert,False
2378c044-8aca-4d1f-9c5e-db2773ae1602,upenn_0725_Duet_Violin_1_1_11,Music,Intermediate Expert,"Observations: The woman plays the violin while the man holds the camera. The woman moves her left hand on the violin neck. The woman moves her right hand on the violin strings.

Errors: The woman moves her left hand on the violin neck. The woman moves her right hand on the violin strings.

Skill Level: Intermediate Expert",Intermediate Expert,True,"Observations: A man is playing the violin. He is sitting on a chair. He is holding the violin with his left hand. He is using the bow to play the violin. He is looking at the music sheet.

Errors: The man is not moving his left hand while playing the violin.

Skill Level: Intermediate Expert",Intermediate Expert,True
4dffbba4-5e54-4953-841d-b1da9a48d478,sfu_basketball015_8,Basketball,Novice,"Observations: The woman in pink is standing on the basketball court, facing the man in black. She is holding a basketball in her right hand and appears to be preparing to throw it.

Errors: There are no apparent errors in the woman's movement.

Skill Level: Intermediate Expert",Intermediate Expert,False,"Observations: A man X throws a ball into a basketball hoop.

Errors: None.

Skill Level: Intermediate Expert",Intermediate Expert,False
35823fca-da54-49a2-8d4c-365046031e2c,iiith_cooking_03_1,Cooking,Early Expert,Observations: The woman X picks a knife from the chopping board with her right hand. She then picks a knife from the chopping board with her left hand. She then picks a knife from the chopping board with her right hand. She then picks a knife from the chopping board with her left hand. She then picks a knife from the chopping board with her right hand. She then picks a knife from the chopping board with her left hand. She then picks a knife from the chopping board with her right hand. She then picks a knife from the chopping board with her left hand. She then picks a knife from the chopping board with her right hand. She then picks a knife from the chopping board with her left hand. She then picks a knife from the chopping board with her right hand. She then picks a knife from the chopping board with her left hand. She then picks a knife from the chopping board with her right hand. She then picks a knife from the chopping board with her left hand. She then picks a knife from the chopping board with her right hand. She then picks a knife from the chopping board with her left hand. She then picks a knife from the chopping board with her right hand. She then picks a knife from the chopping board with her left hand. She then picks a knife from the chopping board with her right hand. She then picks a knife from the chopping board with her left hand. She then picks a knife from the chopping board with her right hand. She then,Unknown,False,"Observations: The person picks up a spoon from the counter with her right hand, then picks up a plate with her left hand. She places the plate on the counter next to the cutting board. She then picks up a can of black pepper with her right hand and opens it with both hands.

Errors: None.

Skill Level: Intermediate Expert",Intermediate Expert,False
0ccfd492-8880-4ef2-90f5-e9f54f2cd080,unc_basketball_03-17-23_01_8,Basketball,Intermediate Expert,"Observations: The man in the red shirt is dribbling the basketball with his right hand, while the man in the black shirt is standing on the court watching him.

Errors: The man in the red shirt is not dribbling the ball correctly. He should be using both hands to dribble the ball.

Skill Level: Novice",Novice,False,Observations: A man X throws a ball to C. C catches the ball with his right hand. C throws the ball to X. X catches the ball with his left hand. X throws the ball to C. C catches the ball with his right hand. C throws the ball to X. X catches the ball with his left hand. X throws the ball to C. C catches the ball with his right hand. C throws the ball to X. X catches the ball with his left hand. X throws the ball to C. C catches the ball with his right hand. C throws the ball to X. X catches the ball with his left hand. X throws the ball to C. C catches the ball with his right hand. C throws the ball to X. X catches the ball with his left hand. X throws the ball to C. C catches the ball with his right hand. C throws the ball to X. X catches the ball with his left hand. X throws the ball to C. C catches the ball with his right hand. C throws the ball to X. X catches the ball with his left hand. X throws the ball to C. C catches the ball with his right hand. C throws the ball to X. X catches the ball with his left hand. X throws the ball to C. C catches the ball with his right hand. C throws the ball to X. X catches the ball with his left hand. X throws the ball to C.,Unknown,False
b2f14b2c-292c-46ce-a4b4-95258dcf6154,sfu_basketball012_12,Basketball,Novice,"Observations: The man in white is dribbling the basketball with his right hand while walking towards the hoop.

Errors: The man in white is not using both hands to dribble the basketball, which could make it harder for him to control the ball and shoot accurately.

Skill Level: Novice",Novice,True,Observations: The man X throws the ball to C. C catches the ball with his right hand. C throws the ball to man X. Man X catches the ball with his left hand. Man X throws the ball to C. C catches the ball with his right hand. C throws the ball to man X. Man X catches the ball with his left hand. Man X throws the ball to C. C catches the ball with his right hand. C throws the ball to man X. Man X catches the ball with his left hand. Man X throws the ball to C. C catches the ball with his right hand. C throws the ball to man X. Man X catches the ball with his left hand. Man X throws the ball to C. C catches the ball with his right hand. C throws the ball to man X. Man X catches the ball with his left hand. Man X throws the ball to C. C catches the ball with his right hand. C throws the ball to man X. Man X catches the ball with his left hand. Man X throws the ball to C. C catches the ball with his right hand. C throws the ball to man X. Man X catches the ball with his left hand. Man X throws the ball to C. C catches the ball with his right hand. C throws the ball to man X. Man X catches the ball with his left hand. Man X throws the ball to C. C catches the ball with his right hand,Unknown,False
19326fcc-4b0f-403e-a7f5-ffb836449d45,uniandes_basketball_003_47,Basketball,Early Expert,"Observations: A man is playing basketball. He is holding a ball with his right hand. He is jumping up to throw the ball into the hoop.

Errors: The man is not throwing the ball accurately towards the hoop.

Skill Level: Novice",Novice,False,"Observations: A man X throws a ball into a basketball hoop.

Errors: The ball is not thrown with enough force to reach the basket.

Skill Level: Novice",Novice,False
7aa4f5eb-de43-4be6-be6a-8ce1b2ddc33a,indiana_music_09_5,Music,Early Expert,"Observations: The person is playing the piano with both hands. Their left hand is positioned on the keys, while their right hand is also on the keys. The person's fingers are spread out, indicating that they are playing a chord or a melody.

Errors: There are no visible errors in the person's movement. They appear to be playing the piano correctly.

Skill Level: Intermediate Expert",Intermediate Expert,False,"Observations: The person plays the piano with both hands.

Errors: The person plays the piano with both hands.

Skill Level: Intermediate Expert",Intermediate Expert,False
255f233c-ab58-4231-9531-fe00e3baca58,sfu_basketball_06_10,Basketball,Novice,"Observations: The man B throws the ball to the basket with his right hand.

Errors: None.

Skill Level: Intermediate Expert",Intermediate Expert,False,"Observations: A man X throws a ball into a basketball hoop. The ball goes through the hoop. A woman Y stands on the basketball court.

Errors: None.

Skill Level: Intermediate Expert",Intermediate Expert,False
30f03e63-10bf-4d6d-8d58-fc944469c66c,upenn_0702_Cooking_5_3,Cooking,Novice,"Observations: The man X picks a bottle from the kitchen counter with his right hand.

Errors: None.

Skill Level: Intermediate Expert",Intermediate Expert,False,"Observations: The person washes a pan in the sink with both hands.

Errors: The person should use a sponge to clean the pan.

Skill Level: Novice",Novice,True
266ea58c-a204-448d-bf24-83701e536db9,iiith_soccer_006_2,Soccer,Late Expert,"Observations: The man in the red shirt kicks the ball with his right foot, then walks towards the ball.

Errors: The man in the red shirt kicks the ball with his right foot, then walks towards the ball.

Skill Level: Intermediate Expert",Intermediate Expert,False,"Observations: The man X kicks the ball towards the goal post with his right foot.

Errors: None.

Skill Level: Intermediate Expert",Intermediate Expert,False
0e81b418-40f2-459c-b735-36f982da37fb,sfu_basketball_08_4,Basketball,Intermediate Expert,"Observations: The man jumps up and throws the ball into the basket.

Errors: The man jumps up and throws the ball into the basket.

Skill Level: Novice",Novice,False,"Observations: A man is standing on a basketball court. He is holding a basketball in his right hand. He is throwing the ball towards the hoop.

Errors: The man is not aiming at the basket. He is throwing the ball too high.

Skill Level: Novice",Novice,False
f4fdaa1a-3bd6-45a7-9d59-f4ba1457d29a,sfu_basketball_08_50,Basketball,Novice,"Observations: The man jumps up and throws the ball into the basket.

Errors: The man jumps up and throws the ball into the basket.

Skill Level: Intermediate Expert",Intermediate Expert,False,"Observations: The man X throws the ball into the basket.

Errors: N/A

Skill Level: Intermediate Expert",Intermediate Expert,False
014e2850-9927-441a-8c3f-9e58012359e3,uniandes_basketball_003_28,Basketball,Late Expert,"Observations: The man dribbles the ball with his right hand, then throws it to the basket. He jumps up and catches the ball with both hands. He then dribbles the ball with his left hand, then throws it to the basket. He jumps up and catches the ball with both hands. He then dribbles the ball with his right hand, then throws it to the basket. He jumps up and catches the ball with both hands. He then dribbles the ball with his left hand, then throws it to the basket. He jumps up and catches the ball with both hands. He then dribbles the ball with his right hand, then throws it to the basket. He jumps up and catches the ball with both hands.

Errors: The man does not dribble the ball properly. He should dribble the ball with both hands to improve his skills.

Skill Level: Novice",Novice,False,"Observations: The man X throws the ball to the basketball hoop. The man Y throws the ball to the basketball hoop. The man Z throws the ball to the basketball hoop. The man A throws the ball to the basketball hoop. The man B throws the ball to the basketball hoop. The man C throws the ball to the basketball hoop. The man D throws the ball to the basketball hoop. The man E throws the ball to the basketball hoop.

Errors: The man X throws the ball to the basketball hoop. The man Y throws the ball to the basketball hoop. The man Z throws the ball to the basketball hoop. The man A throws the ball to the basketball hoop. The man B throws the ball to the basketball hoop. The man C throws the ball to the basketball hoop. The man D throws the ball to the basketball hoop. The man E throws the ball to the basketball hoop.

Skill Level: Novice",Novice,False
37ccfe73-37f5-499a-996d-3da3db9e212f,unc_basketball_03-09-23_02_5,Basketball,Early Expert,"Observations: The woman is playing basketball. She is holding a ball with both hands. She is standing on the court. She is looking at the ball. She is moving her feet.

Errors: The woman is not dribbling the ball. She is not shooting the ball. She is not passing the ball to another player.

Skill Level: Novice",Novice,False,"Observations: The man X throws the ball to the basketball hoop.

Errors: N/A

Skill Level: Intermediate Expert",Intermediate Expert,False
2c52669f-c3d8-4e0c-81ba-69ed4b1bf9ef,iiith_soccer_053_4,Soccer,Intermediate Expert,"Observations: The person is kicking a ball with his right foot. He is wearing a blue shirt, black pants, and white shoes. There are other people in the background, some of whom are also playing soccer.

Errors: The person is not maintaining proper form while kicking the ball. His left leg is not extended behind him, which can cause the ball to go off target.

Skill Level: Novice",Novice,False,"Observations: The person kicks the ball with his right foot.

Errors: The person kicks the ball with his right foot.

Skill Level: Intermediate Expert",Intermediate Expert,True
e08db0a4-e257-46e0-8880-640415b05976,unc_basketball_03-31-23_01_19,Basketball,Late Expert,"Observations: The man in the blue shirt dribbles the ball with his right hand, then throws it to the man in the black shirt. The man in the black shirt catches the ball and throws it back to the man in the blue shirt. The man in the blue shirt catches the ball and dribbles it with his left hand.

Errors: The man in the blue shirt should have used both hands to dribble the ball. He could also have improved his throwing technique by using both hands to throw the ball.

Skill Level: Intermediate Expert",Intermediate Expert,False,Observations: A man X dribbles a basketball on the court. The man X throws the ball to C. C catches the ball with his right hand. C throws the ball to the man X. The man X catches the ball with his left hand. The man X throws the ball to C. C catches the ball with his right hand. C throws the ball to the man X. The man X catches the ball with his left hand. The man X throws the ball to C. C catches the ball with his right hand. C throws the ball to the man X. The man X catches the ball with his left hand. The man X throws the ball to C. C catches the ball with his right hand. C throws the ball to the man X. The man X catches the ball with his left hand. The man X throws the ball to C. C catches the ball with his right hand. C throws the ball to the man X. The man X catches the ball with his left hand. The man X throws the ball to C. C catches the ball with his right hand. C throws the ball to the man X. The man X catches the ball with his left hand. The man X throws the ball to C. C catches the ball with his right hand. C throws the ball to the man X. The man X catches the ball with his left hand. The man X throws the ball to C. C catches the ball with his right hand. C throws,Unknown,False
079b7691-d098-4a2d-befd-ed702a134388,iiith_cooking_42_1,Cooking,Intermediate Expert,"Observations: The woman is cooking food on a stove. She is using a spatula to flip the food in a pan. She is wearing a sari and glasses.

Errors: The woman is not wearing an apron, which could be useful for protecting her clothing while cooking.

Skill Level: Intermediate Expert",Intermediate Expert,True,"Observations: The woman is cooking an omelette on a pan. She is using a spatula to flip the omelette over. She is also holding a bottle of sauce in her other hand.

Errors: There are no errors in the woman's movements.

Skill Level: Intermediate Expert",Intermediate Expert,True
c2374b84-5d13-4bcb-a320-b375851245e4,unc_basketball_03-31-23_02_4,Basketball,Late Expert,"Observations: The man B throws the ball to the man A who catches it. Then, the man A throws the ball to the man B who catches it. After that, the man B throws the ball to the man A who catches it. Finally, the man A throws the ball to the man B who catches it.

Errors: N/A

Skill Level: Intermediate Expert",Intermediate Expert,False,Observations: The man X throws the ball to C. C catches the ball with both hands. C throws the ball to the man X. The man X catches the ball with his right hand. The man X throws the ball to C. C catches the ball with both hands. C throws the ball to the man X. The man X catches the ball with his right hand. The man X throws the ball to C. C catches the ball with both hands. C throws the ball to the man X. The man X catches the ball with his right hand. The man X throws the ball to C. C catches the ball with both hands. C throws the ball to the man X. The man X catches the ball with his right hand. The man X throws the ball to C. C catches the ball with both hands. C throws the ball to the man X. The man X catches the ball with his right hand. The man X throws the ball to C. C catches the ball with both hands. C throws the ball to the man X. The man X catches the ball with his right hand. The man X throws the ball to C. C catches the ball with both hands. C throws the ball to the man X. The man X catches the ball with his right hand. The man X throws the ball to C. C catches the ball with both hands. C throws the ball to the man X. The man X catches the ball with his right hand. The,Unknown,False
0abc839d-6980-42c1-85eb-9502b84fcff7,upenn_0728_Guitar_1_6,Music,Late Expert,"Observations: The man is playing the guitar while wearing a helmet with sensors on it. He is sitting on a chair and holding the guitar with both hands. He is looking at the camera and appears to be focused on his performance.

Errors: There are no apparent errors in the man's movement. He seems to be playing the guitar correctly and with proper technique.

Skill Level: Intermediate Expert",Intermediate Expert,False,"Observations: The person is playing a guitar.

Errors: The person is not moving his fingers on the guitar strings.

Skill Level: Novice",Novice,False
712a77c1-6a02-4bfd-bbdb-06fa8b1e8b1e,uniandes_basketball_001_31,Basketball,Late Expert,"Observations: The woman jumps up and throws the ball into the hoop.

Errors: The woman jumps up and throws the ball into the hoop.

Skill Level: Intermediate Expert",Intermediate Expert,False,"Observations: The person throws the ball towards the basketball hoop.

Errors: The person throws the ball too high.

Skill Level: Novice",Novice,False
e9d6c233-3f56-4268-bce6-95c3ad19c77c,sfu_basketball012_6,Basketball,Novice,"Observations: The man jumps up and throws the ball into the basket.

Errors: The man jumps up and throws the ball into the basket.

Skill Level: Intermediate Expert",Intermediate Expert,False,"Observations: The person holds a basketball with his left hand and throws it towards the basket.

Errors: The person should have used both hands to throw the ball.

Skill Level: Novice",Novice,True
072f6ab6-a3c2-4e86-84ef-0b32d60d5555,upenn_0718_Violin_1_3,Music,Late Expert,"Observations: The woman is playing the violin.

Errors: The woman is not looking at the music sheet.

Skill Level: Intermediate Expert",Intermediate Expert,False,"Observations: The person is playing the violin. The person is holding the bow with his right hand and the violin with his left hand. The person is moving the bow across the strings.

Errors: The person is not moving the bow at a consistent speed. The person is not moving the bow in a straight line.

Skill Level: Novice",Novice,False
42e4f58c-bdc8-4294-966a-240a6367428a,uniandes_cooking_008_6,Cooking,Novice,"Observations: The man picks up a spoon from the counter with his right hand, then he puts it into the pot on the stove.

Errors: None.

Skill Level: Intermediate Expert",Intermediate Expert,False,"Observations: The man X picks a packet of sugar from the table with his right hand. The man X opens the packet of sugar with both hands. The man X pours the sugar into a cup on the table with his right hand. The man X drops the packet of sugar on the table with his right hand. The man X picks a spoon from the table with his right hand. The man X stirs the coffee in the cup with the spoon in his right hand. The man X drops the spoon on the table with his right hand. The man X picks the cup from the table with his left hand. The man X drinks the coffee from the cup with his left hand.

Errors: None.

Skill Level: Intermediate Expert",Intermediate Expert,False
abeb24e8-1811-4f52-b0c1-99c540d42c92,sfu_basketball_09_22,Basketball,Novice,"Observations: The man in the blue shirt dribbles the ball and throws it into the hoop.

Errors: The man in the blue shirt throws the ball too high, and the ball bounces off the backboard.

Skill Level: Novice",Novice,True,"Observations: The man X throws the ball to the basket. The man Y throws the ball to the basket. The man Z throws the ball to the basket. The man A throws the ball to the basket. The man B throws the ball to the basket. The man C throws the ball to the basket. The man D throws the ball to the basket. The man E throws the ball to the basket.

Errors: The man X throws the ball to the basket. The man Y throws the ball to the basket. The man Z throws the ball to the basket. The man A throws the ball to the basket. The man B throws the ball to the basket. The man C throws the ball to the basket. The man D throws the ball to the basket. The man E throws the ball to the basket.

Skill Level: Novice",Novice,True
16b72f0f-0b3b-4833-990f-b9a25abdd887,sfu_basketball_07_44,Basketball,Novice,"Observations: A man is playing basketball in a gym. He is wearing a blue shirt and black pants. He is standing on the left side of the court, facing the hoop. He is holding a basketball in his right hand and is about to throw it towards the hoop.

Errors: The man is not wearing a helmet or any protective gear. He is not wearing any shoes that provide good traction on the court. He is not wearing any gloves that could help him grip the ball better.

Skill Level: Novice",Novice,True,"Observations: A man X stands on the basketball court. The man X throws a ball towards the basketball hoop. The man X walks towards the basketball hoop. The man X picks up the ball from the ground. The man X throws the ball towards the basketball hoop. The man X walks towards the basketball hoop. The man X picks up the ball from the ground. The man X throws the ball towards the basketball hoop.

Errors: The man X throws the ball towards the basketball hoop with his right hand.

Skill Level: Novice",Novice,True
27bfa06f-9ad9-414e-a692-9d09abea760e,iiith_soccer_028_4,Soccer,Late Expert,"Observations: The man in the light blue shirt is kicking a ball. He is standing on a soccer field with other people around him. There are cones on the ground, and he is kicking the ball towards them.

Errors: The man in the light blue shirt is not wearing proper soccer cleats. He is also not wearing a helmet for protection.

Skill Level: Novice",Novice,False,"Observations: The person is kicking a ball with his right foot.

Errors: The person is not wearing proper soccer cleats, which could affect his performance.

Skill Level: Novice",Novice,False
020ae1ca-02ad-49c8-9056-87ad6bdcb8bd,unc_basketball_03-31-23_01_6,Basketball,Late Expert,"Observations: The man holds the basketball with both hands and dribbles it with his right hand.

Errors: The man should dribble the ball with his left hand to improve his dribbling skills.

Skill Level: Novice",Novice,False,Observations: The man X picks up the ball with his right hand. The man Y picks up the ball with his left hand. The man Z picks up the ball with his right hand. The man X throws the ball to the man Y. The man Y throws the ball to the man Z. The man Z throws the ball to the man X. The man X throws the ball to the man Y. The man Y throws the ball to the man Z. The man Z throws the ball to the man X. The man X throws the ball to the man Y. The man Y throws the ball to the man Z. The man Z throws the ball to the man X. The man X throws the ball to the man Y. The man Y throws the ball to the man Z. The man Z throws the ball to the man X. The man X throws the ball to the man Y. The man Y throws the ball to the man Z. The man Z throws the ball to the man X. The man X throws the ball to the man Y. The man Y throws the ball to the man Z. The man Z throws the ball to the man X. The man X throws the ball to the man Y. The man Y throws the ball to the man Z. The man Z throws the ball to the man X. The man X throws the ball to the man Y. The man Y throws the ball to the man Z. The man Z throws the ball to the,Unknown,False
3d4f5b74-c8da-4de9-a506-b09978baf754,iiith_guitar_002_10,Music,Early Expert,"Observations: The person is playing the guitar while sitting on a chair. He is wearing a helmet and headphones. There are several cameras set up around him, suggesting that he might be recording a music video or a live performance.

Errors: The person's left hand is not positioned correctly on the guitar neck, which could result in inaccurate chord changes and poor sound quality. Additionally, his right hand is not positioned correctly on the guitar strings, which could also affect the sound quality.

Skill Level: Novice",Novice,False,"Observations: The person is playing the guitar.

Errors: The person is not moving his hand on the guitar.

Skill Level: Novice",Novice,False
024a7ee5-df4d-4dd0-a890-b13adc8ed431,uniandes_basketball_003_35,Basketball,Intermediate Expert,"Observations: The person is playing basketball. She dribbles the ball, jumps, and throws it into the hoop.

Errors: The person should have thrown the ball with both hands to improve accuracy.

Skill Level: Intermediate Expert",Intermediate Expert,True,"Observations: The man X throws the ball into the basket.

Errors: None.

Skill Level: Intermediate Expert",Intermediate Expert,True
63ab82bb-2d28-440f-814c-1fc0d06b89d0,upenn_0706_Guitar_2_3,Music,Early Expert,"Observations: The woman is playing the guitar. She is sitting on a chair. Her left hand is on the neck of the guitar. Her right hand is on the strings.

Errors: The woman is not looking at the music sheet.

Skill Level: Intermediate Expert",Intermediate Expert,False,"Observations: The person is playing the piano. The person is standing in front of the piano. The person is looking at the music sheet.

Errors: The person is not moving his hands on the piano.

Skill Level: Novice",Novice,False
a3703011-35b9-4b70-964a-427e05e79a6f,sfu_basketball012_4,Basketball,Novice,"Observations: The man in white is dribbling the basketball with his right hand, while the man in black is standing on the other side of the court, watching him.

Errors: The man in white is not using both hands to dribble the ball, which could make it easier for the man in black to defend against him.

Skill Level: Novice",Novice,True,Observations: A man X throws a ball to C. C catches the ball with his right hand. C throws the ball to X. X catches the ball with his left hand. X throws the ball to C. C catches the ball with his right hand. C throws the ball to X. X catches the ball with his left hand. X throws the ball to C. C catches the ball with his right hand. C throws the ball to X. X catches the ball with his left hand. X throws the ball to C. C catches the ball with his right hand. C throws the ball to X. X catches the ball with his left hand. X throws the ball to C. C catches the ball with his right hand. C throws the ball to X. X catches the ball with his left hand. X throws the ball to C. C catches the ball with his right hand. C throws the ball to X. X catches the ball with his left hand. X throws the ball to C. C catches the ball with his right hand. C throws the ball to X. X catches the ball with his left hand. X throws the ball to C. C catches the ball with his right hand. C throws the ball to X. X catches the ball with his left hand. X throws the ball to C. C catches the ball with his right hand. C throws the ball to X. X catches the ball with his left hand. X throws the ball to C.,Unknown,False
2de0896b-df6d-4687-bbff-f700d675e385,unc_basketball_03-31-23_02_29,Basketball,Late Expert,"Observations: The man holds the ball with both hands and throws it to the basket.

Errors: The man throws the ball too high.

Skill Level: Novice",Novice,False,Observations: The man X picks the ball on the floor with his right hand. The man X throws the ball to C. C catches the ball with both hands. C throws the ball to the basket. The ball goes through the basket. C catches the ball with both hands. C throws the ball to the basket. The ball goes through the basket. C catches the ball with both hands. C throws the ball to the basket. The ball goes through the basket. C catches the ball with both hands. C throws the ball to the basket. The ball goes through the basket. C catches the ball with both hands. C throws the ball to the basket. The ball goes through the basket. C catches the ball with both hands. C throws the ball to the basket. The ball goes through the basket. C catches the ball with both hands. C throws the ball to the basket. The ball goes through the basket. C catches the ball with both hands. C throws the ball to the basket. The ball goes through the basket. C catches the ball with both hands. C throws the ball to the basket. The ball goes through the basket. C catches the ball with both hands. C throws the ball to the basket. The ball goes through the basket. C catches the ball with both hands. C throws the ball to the basket. The ball goes through the basket. C catches the ball with both hands. C throws the ball to the basket. The ball goes through the,Unknown,False
3059469a-03fc-4ae0-bbf7-b08187d1b290,sfu_cooking_013_1,Cooking,Novice,"Observations: The man picks up a spoon from the counter, then stirs the contents of a pot on the stove with it.

Errors: None.

Skill Level: Intermediate Expert",Intermediate Expert,False,"Observations: The person puts the egg on the pan with the spatula. Then, the person puts the spatula on the stove. After that, the person picks up the pan with the other hand. Then, the person puts the pan on the stove. Finally, the person moves the pan with the other hand.

Errors: The person should have put the spatula on the counter instead of the stove.

Skill Level: Intermediate Expert",Intermediate Expert,False
01c31ac7-3885-46ff-9af5-9e1d0910dce5,upenn_0725_Violin_1_2,Music,Intermediate Expert,"Observations: The woman is playing the violin. She is sitting on a chair with her legs crossed. Her left hand is on the neck of the violin, and her right hand is holding the bow.

Errors: The woman is not looking at the music sheet while playing the violin.

Skill Level: Intermediate Expert",Intermediate Expert,True,"Observations: The person is playing the violin. The person is holding the bow with his right hand and the violin with his left hand. The person is moving the bow across the strings of the violin.

Errors: The person is not moving the bow at a consistent speed. The person is not moving the bow in a straight line.

Skill Level: Intermediate Expert",Intermediate Expert,True
0aacd507-c6ad-43b9-afaa-a56f53cd676a,unc_basketball_03-16-23_01_19,Basketball,Early Expert,"Observations: The man is playing basketball. He is holding a ball with both hands. He is standing on a basketball court. He is wearing a gray shirt, red shorts, and blue shoes. He is wearing sunglasses.

Errors: The man is not dribbling the ball. He is not shooting the ball. He is not passing the ball to another player. He is not rebounding the ball. He is not practicing his free throws. He is not practicing his layups. He is not practicing his jump shots. He is not practicing his three-point shots. He is not practicing his half-court shots. He is not practicing his full-court shots. He is not practicing his one-on-one shots. He is not practicing his two-on-one shots. He is not practicing his three-on-three shots. He is not practicing his four-on-four shots. He is not practicing his five-on-five shots. He is not practicing his team shots. He is not practicing his individual shots. He is not practicing his offensive shots. He is not practicing his defensive shots. He is not practicing his passing shots. He is not practicing his rebounding shots. He is not practicing his shooting form. He is not practicing his shooting accuracy. He is not practicing his shooting speed. He is not practicing his shooting range. He is not practicing his shooting consistency. He is not practicing his shooting precision. He is not practicing his shooting power. He is not practicing his shooting control. He is not practicing his",Unknown,False,Observations: The man X throws the ball to C. C catches the ball with his right hand. C dribbles the ball with both hands. C throws the ball to the basket. The ball goes through the basket. C catches the ball with his left hand. C dribbles the ball with both hands. C throws the ball to the basket. The ball goes through the basket. C catches the ball with his left hand. C dribbles the ball with both hands. C throws the ball to the basket. The ball goes through the basket. C catches the ball with his left hand. C dribbles the ball with both hands. C throws the ball to the basket. The ball goes through the basket. C catches the ball with his left hand. C dribbles the ball with both hands. C throws the ball to the basket. The ball goes through the basket. C catches the ball with his left hand. C dribbles the ball with both hands. C throws the ball to the basket. The ball goes through the basket. C catches the ball with his left hand. C dribbles the ball with both hands. C throws the ball to the basket. The ball goes through the basket. C catches the ball with his left hand. C dribbles the ball with both hands. C throws the ball to the basket. The ball goes through the basket. C catches the ball with his left hand. C dribbles the ball with both hands. C throws the ball to the,Unknown,False
fe828226-1884-4b47-845f-a4e04cafcb2b,sfu_basketball_06_24,Basketball,Novice,"Observations: The man A throws the ball to the man B who catches it. Then, the man B throws the ball to the man A who catches it.

Errors: None.

Skill Level: Intermediate Expert",Intermediate Expert,False,Observations: The man X throws the ball to C. C catches the ball with both hands. C throws the ball to the basket. The ball goes through the basket. C walks towards the ball. C picks up the ball. C throws the ball to the basket. The ball goes through the basket. C walks towards the ball. C picks up the ball. C throws the ball to the basket. The ball goes through the basket. C walks towards the ball. C picks up the ball. C throws the ball to the basket. The ball goes through the basket. C walks towards the ball. C picks up the ball. C throws the ball to the basket. The ball goes through the basket. C walks towards the ball. C picks up the ball. C throws the ball to the basket. The ball goes through the basket. C walks towards the ball. C picks up the ball. C throws the ball to the basket. The ball goes through the basket. C walks towards the ball. C picks up the ball. C throws the ball to the basket. The ball goes through the basket. C walks towards the ball. C picks up the ball. C throws the ball to the basket. The ball goes through the basket. C walks towards the ball. C picks up the ball. C throws the ball to the basket. The ball goes through the basket. C walks towards the ball. C picks up the ball. C throws the ball to the basket. The ball,Unknown,False
0999909b-9034-40e3-96a1-6b66e06a9929,unc_basketball_03-16-23_01_35,Basketball,Intermediate Expert,"Observations: The man holds a basketball with both hands, then he jumps up and throws the ball into the hoop.

Errors: The man should have thrown the ball with his right hand to be more accurate.

Skill Level: Intermediate Expert",Intermediate Expert,True,Observations: The man X throws the ball to C. C throws the ball to the basket. The ball goes through the basket. C catches the ball. C throws the ball to the basket. The ball goes through the basket. C catches the ball. C throws the ball to the basket. The ball goes through the basket. C catches the ball. C throws the ball to the basket. The ball goes through the basket. C catches the ball. C throws the ball to the basket. The ball goes through the basket. C catches the ball. C throws the ball to the basket. The ball goes through the basket. C catches the ball. C throws the ball to the basket. The ball goes through the basket. C catches the ball. C throws the ball to the basket. The ball goes through the basket. C catches the ball. C throws the ball to the basket. The ball goes through the basket. C catches the ball. C throws the ball to the basket. The ball goes through the basket. C catches the ball. C throws the ball to the basket. The ball goes through the basket. C catches the ball. C throws the ball to the basket. The ball goes through the basket. C catches the ball. C throws the ball to the basket. The ball goes through the basket. C catches the ball. C throws the ball to the basket. The ball goes through the basket. C catches the ball. C throws the ball to the basket.,Unknown,False
09359482-b26f-4ee9-983e-4c414e4836c4,indiana_music_05_4,Music,Late Expert,"Observations: The man holds the violin with his left hand and plays it with the bow in his right hand. He moves the bow across the strings to produce sound.

Errors: The man is not moving his left hand on the neck of the violin.

Skill Level: Intermediate Expert",Intermediate Expert,False,"Observations: The person is playing the violin with a bow. He is holding the violin with his left hand and moving the bow with his right hand.

Errors: The person is not using the correct technique for playing the violin. He is not holding the violin properly, and he is not using the bow correctly.

Skill Level: Novice",Novice,False
016d94d2-73bd-422e-8a12-4823f1de163c,sfu_basketball013_12,Basketball,Intermediate Expert,Observations: The girl X throws the ball to the man Y. The man Y catches the ball. The man Y throws the ball to the girl X. The girl X catches the ball. The girl X throws the ball to the man Y. The man Y catches the ball. The man Y throws the ball to the girl X. The girl X catches the ball. The girl X throws the ball to the man Y. The man Y catches the ball. The man Y throws the ball to the girl X. The girl X catches the ball. The girl X throws the ball to the man Y. The man Y catches the ball. The man Y throws the ball to the girl X. The girl X catches the ball. The girl X throws the ball to the man Y. The man Y catches the ball. The man Y throws the ball to the girl X. The girl X catches the ball. The girl X throws the ball to the man Y. The man Y catches the ball. The man Y throws the ball to the girl X. The girl X catches the ball. The girl X throws the ball to the man Y. The man Y catches the ball. The man Y throws the ball to the girl X. The girl X catches the ball. The girl X throws the ball to the man Y. The man Y catches the ball. The man Y throws the ball to the girl X. The girl X catches the ball. The girl X throws the ball to the man,Unknown,False,"Observations: C catches the ball with his right hand.

Errors: None.

Skill Level: Intermediate Expert",Intermediate Expert,True
32d54e67-68d7-4b94-a953-fc3b56a1eb94,unc_basketball_02-24-23_01_24,Basketball,Early Expert,"Observations: The man is playing basketball. He is dribbling the ball with his right hand, then he throws the ball to the basket. After that, he catches the ball and dribbles it again.

Errors: The man should not throw the ball too high. It can be thrown lower to make it easier to catch.

Skill Level: Intermediate Expert",Intermediate Expert,False,"Observations: The man X throws the ball to the basket. The man Y catches the ball. The man Z throws the ball to the basket. The man A catches the ball. The man B throws the ball to the basket. The man C catches the ball. The man D throws the ball to the basket. The man E catches the ball.

Errors: None.

Skill Level: Intermediate Expert",Intermediate Expert,False
bd409a14-0392-447c-87ce-e7d44d0cf3c8,unc_basketball_03-31-23_01_44,Basketball,Late Expert,"Observations: The man holds a basketball with both hands and dribbles it with his right hand. He then throws the ball into the hoop.

Errors: The man should have used his left hand to dribble the ball, which would have allowed him to throw the ball more accurately.

Skill Level: Novice",Novice,False,"Observations: The person throws the ball towards the basketball hoop.

Errors: The person throws the ball too high.

Skill Level: Novice",Novice,False
a8b81a1a-5ab7-41c0-9189-a808bfb97b6b,upenn_0706_Guitar_2_5,Music,Early Expert,"Observations: The woman is playing the guitar while wearing a helmet.

Errors: The woman is not looking at the music sheet.

Skill Level: Novice",Novice,False,"Observations: The person is playing a guitar. The person is looking at the music sheet on the stand. The person is moving his hand to play the guitar.

Errors: The person is not looking at the guitar while playing it.

Skill Level: Intermediate Expert",Intermediate Expert,False
114984e0-4de8-4db7-afc8-0c66926f65f4,unc_basketball_03-17-23_01_20,Basketball,Early Expert,"Observations: The man is playing basketball. He is holding a ball with his right hand. He is throwing the ball towards the basket. He is jumping while throwing the ball.

Errors: The man is not running before he throws the ball. He should run before he throws the ball to increase the speed of the ball.

Skill Level: Novice",Novice,False,Observations: A man is playing basketball. He throws the ball to the basket. The ball goes through the basket. The man catches the ball. The man throws the ball to the basket. The ball goes through the basket. The man catches the ball. The man throws the ball to the basket. The ball goes through the basket. The man catches the ball. The man throws the ball to the basket. The ball goes through the basket. The man catches the ball. The man throws the ball to the basket. The ball goes through the basket. The man catches the ball. The man throws the ball to the basket. The ball goes through the basket. The man catches the ball. The man throws the ball to the basket. The ball goes through the basket. The man catches the ball. The man throws the ball to the basket. The ball goes through the basket. The man catches the ball. The man throws the ball to the basket. The ball goes through the basket. The man catches the ball. The man throws the ball to the basket. The ball goes through the basket. The man catches the ball. The man throws the ball to the basket. The ball goes through the basket. The man catches the ball. The man throws the ball to the basket. The ball goes through the basket. The man catches the ball. The man throws the ball to the basket. The ball goes through the basket. The man catches the ball. The man throws the ball to,Unknown,False
30e473a6-4746-4fc6-8b2a-37f179eaae53,upenn_0712_Cooking_1_5,Cooking,Intermediate Expert,"Observations: A woman is standing at the kitchen counter, washing her hands with soap and water. She is wearing a blue shirt and khaki shorts. There is a man sitting on a chair in the background, watching her.

Errors: The woman is not using a towel to dry her hands after washing them. This could lead to her hands getting wet again if she touches something with wet hands.

Skill Level: Novice",Novice,False,"Observations: The person picks up a spoon from the counter with her left hand, then uses it to stir the contents of a bowl on the counter with her right hand. She then places the spoon back on the counter.

Errors: There are no apparent errors in the person's movements.

Skill Level: Intermediate Expert",Intermediate Expert,True
0b7cd6fd-7b71-4ccd-89ba-892e2c0f5597,utokyo_soccer_8000_46_47_6,Soccer,Late Expert,Observations: A man X runs towards the ball on the ground. The man X kicks the ball with his right foot. The man X runs towards the ball on the ground. The man X kicks the ball with his right foot. The man X runs towards the ball on the ground. The man X kicks the ball with his right foot. The man X runs towards the ball on the ground. The man X kicks the ball with his right foot. The man X runs towards the ball on the ground. The man X kicks the ball with his right foot. The man X runs towards the ball on the ground. The man X kicks the ball with his right foot. The man X runs towards the ball on the ground. The man X kicks the ball with his right foot. The man X runs towards the ball on the ground. The man X kicks the ball with his right foot. The man X runs towards the ball on the ground. The man X kicks the ball with his right foot. The man X runs towards the ball on the ground. The man X kicks the ball with his right foot. The man X runs towards the ball on the ground. The man X kicks the ball with his right foot. The man X runs towards the ball on the ground. The man X kicks the ball with his right foot. The man X runs towards the ball on the ground. The man X kicks the ball with his right foot. The man X runs towards the ball on the ground.,Unknown,False,"Observations: A man X kicks a ball towards a goal. The ball goes into the goal. A man Y kicks a ball towards a goal. The ball goes into the goal. A man Z kicks a ball towards a goal. The ball goes into the goal. A man W kicks a ball towards a goal. The ball goes into the goal.

Errors: None.

Skill Level: Intermediate Expert",Intermediate Expert,False
2fbd4068-86e0-4893-b9c6-10c88fa8275c,uniandes_basketball_004_41,Basketball,Novice,"Observations: The person is playing basketball. She dribbles the ball, runs towards the basket, jumps, and throws the ball into the hoop.

Errors: The person could improve her form by maintaining better balance while running and jumping. Additionally, she could work on her shooting technique to increase accuracy.

Skill Level: Intermediate Expert",Intermediate Expert,False,"Observations: The person throws the ball towards the basketball hoop.

Errors: The person throws the ball too high, so it bounces on the ground before going through the hoop.

Skill Level: Novice",Novice,True
1c9a978e-3921-44e5-8eab-f9e5401822cf,iiith_cooking_43_1,Cooking,Intermediate Expert,"Observations: The woman is stirring a pot on the stove with a spoon. She is wearing a brown sari and glasses. There is a green strainer on the counter next to the stove. There are several pots and pans on the shelves above the stove. There is a microwave oven on the counter to the right of the stove.

Errors: The woman is not using the spoon correctly. She should be holding the spoon with her dominant hand and using her other hand to hold the pot steady. She should also be using a circular motion when stirring to ensure that all parts of the food are cooked evenly.

Skill Level: Novice",Novice,False,"Observations: The person picks up a pair of tongs from the countertop with her right hand. She uses the tongs to stir the food in the pot on the stove with her right hand. She then places the tongs back on the countertop with her right hand.

Errors: None.

Skill Level: Intermediate Expert",Intermediate Expert,True
0eac0520-a5d8-4a45-bf08-112f5f472850,unc_basketball_02-24-23_01_40,Basketball,Early Expert,"Observations: The man X throws the ball to the man Y. The man Y catches the ball with his hands. The man Y throws the ball to the man X. The man X catches the ball with his hands. The man X throws the ball to the man Y. The man Y catches the ball with his hands. The man Y throws the ball to the man X. The man X catches the ball with his hands.

Errors: None.

Skill Level: Intermediate Expert",Intermediate Expert,False,Observations: The man X throws the ball to C. C catches the ball with his hands. C throws the ball to the man X. The man X catches the ball with his hands. The man X throws the ball to C. C catches the ball with his hands. C throws the ball to the man X. The man X catches the ball with his hands. The man X throws the ball to C. C catches the ball with his hands. C throws the ball to the man X. The man X catches the ball with his hands. The man X throws the ball to C. C catches the ball with his hands. C throws the ball to the man X. The man X catches the ball with his hands. The man X throws the ball to C. C catches the ball with his hands. C throws the ball to the man X. The man X catches the ball with his hands. The man X throws the ball to C. C catches the ball with his hands. C throws the ball to the man X. The man X catches the ball with his hands. The man X throws the ball to C. C catches the ball with his hands. C throws the ball to the man X. The man X catches the ball with his hands. The man X throws the ball to C. C catches the ball with his hands. C throws the ball to the man X. The man X catches the ball with his hands. The man X throws the ball to C.,Unknown,False
46e0152d-45be-46a4-a44a-c1967f89d3aa,iiith_cooking_25_1,Cooking,Intermediate Expert,"Observations: The woman stirs the pot on the stove with a spoon.

Errors: None.

Skill Level: Intermediate Expert",Intermediate Expert,True,"Observations: The woman stirs the pot on the stove with a spoon. She then picks up a container and adds something to the pot. She continues stirring the pot.

Errors: The woman is not wearing an apron, which could be useful for cooking.

Skill Level: Intermediate Expert",Intermediate Expert,True
10fbe798-2bdb-4d5b-8bbd-00a5f49fd391,uniandes_basketball_002_11,Basketball,Intermediate Expert,"Observations: A woman is standing on a basketball court. She is holding a basketball in her right hand. She is looking at the basketball hoop.

Errors: The woman is not moving.

Skill Level: Novice",Novice,False,"Observations: The person holds a basketball with both hands.

Errors: N/A

Skill Level: Intermediate Expert",Intermediate Expert,True
03672458-fd03-4e1e-9754-776175089ab0,upenn_0407_Violin_1_5,Music,Late Expert,"Observations: The person is playing the violin while wearing a head-mounted device. They are seated on a chair and holding the violin with their left hand, while using the bow with their right hand to play the strings.

Errors: The person seems to be struggling with the head-mounted device, which might be causing discomfort or hindering their ability to focus on playing the violin. Additionally, they seem to be having difficulty maintaining proper posture and hand positioning, which could affect the quality of their performance.

Skill Level: Novice",Novice,False,"Observations: The person plays the violin.

Errors: The person moves the violin stick while playing.

Skill Level: Intermediate Expert",Intermediate Expert,False
1c504968-4f68-48dc-bee3-159fa197af65,iiith_cooking_57_4,Cooking,Early Expert,"Observations: The woman picks up a knife from the counter with her right hand, then uses it to cut vegetables on a cutting board. She then places the knife back on the counter.

Errors: None.

Skill Level: Intermediate Expert",Intermediate Expert,False,Observations: The woman picks up the camera tripod with her right hand and adjusts it. She then places the camera on the counter top. She picks up the bowl with her left hand and places it on the counter top. She picks up the knife with her right hand and places it on the cutting board. She picks up the cucumber with her left hand and places it on the cutting board. She picks up the tomato with her right hand and places it on the cutting board. She picks up the knife with her right hand and cuts the cucumber into small pieces. She picks up the knife with her right hand and cuts the tomato into small pieces. She picks up the knife with her right hand and cuts the cucumber into small pieces. She picks up the knife with her right hand and cuts the cucumber into small pieces. She picks up the knife with her right hand and cuts the cucumber into small pieces. She picks up the knife with her right hand and cuts the cucumber into small pieces. She picks up the knife with her right hand and cuts the cucumber into small pieces. She picks up the knife with her right hand and cuts the cucumber into small pieces. She picks up the knife with her right hand and cuts the cucumber into small pieces. She picks up the knife with her right hand and cuts the cucumber into small pieces. She picks up the knife with her right hand and cuts the cucumber into small pieces. She picks up the knife with her right hand and cuts the cucumber into small pieces.,Unknown,False
09ca3310-232c-4f3f-b201-3632ea8c6b75,sfu_cooking_003_3,Cooking,Early Expert,Observations: A man X picks a bottle of seasoning from the counter with his right hand. The man X walks towards the cooker. The man X opens the seasoning bottle with his left hand. The man X pours the seasoning into the pot on the cooker with his right hand. The man X closes the seasoning bottle with his left hand. The man X walks back to the counter. The man X picks a bottle of oil from the counter with his right hand. The man X walks towards the cooker. The man X opens the oil bottle with his left hand. The man X pours the oil into the pot on the cooker with his right hand. The man X closes the oil bottle with his left hand. The man X walks back to the counter. The man X picks a bottle of salt from the counter with his right hand. The man X walks towards the cooker. The man X opens the salt bottle with his left hand. The man X pours the salt into the pot on the cooker with his right hand. The man X closes the salt bottle with his left hand. The man X walks back to the counter. The man X picks a bottle of pepper from the counter with his right hand. The man X walks towards the cooker. The man X opens the pepper bottle with his left hand. The man X pours the pepper into the pot on the cooker with his right hand. The man X closes the pepper bottle with his left hand. The man X walks back to the counter. The,Unknown,False,"Observations: The person picks up a bottle of sauce from the counter with her left hand. She then picks up a spoon from the bowl on the counter with her right hand. She pours the sauce into the bowl with the spoon.

Errors: None.

Skill Level: Intermediate Expert",Intermediate Expert,False
3ac49447-8437-4e1a-b772-06f4c79afe96,uniandes_basketball_004_42,Basketball,Novice,"Observations: A man is playing basketball. He is holding a ball with his right hand. He is walking towards the basket.

Errors: The man is not dribbling the ball. He is not shooting the ball.

Skill Level: Novice",Novice,True,Observations: A man X throws a ball to C. C catches the ball with both hands. C throws the ball to X. X catches the ball with his right hand. X throws the ball to C. C catches the ball with both hands. C throws the ball to X. X catches the ball with his right hand. X throws the ball to C. C catches the ball with both hands. C throws the ball to X. X catches the ball with his right hand. X throws the ball to C. C catches the ball with both hands. C throws the ball to X. X catches the ball with his right hand. X throws the ball to C. C catches the ball with both hands. C throws the ball to X. X catches the ball with his right hand. X throws the ball to C. C catches the ball with both hands. C throws the ball to X. X catches the ball with his right hand. X throws the ball to C. C catches the ball with both hands. C throws the ball to X. X catches the ball with his right hand. X throws the ball to C. C catches the ball with both hands. C throws the ball to X. X catches the ball with his right hand. X throws the ball to C. C catches the ball with both hands. C throws the ball to X. X catches the ball with his right hand. X throws the ball to C. C catches the ball with both hands. C,Unknown,False
0254b6c0-4d78-471e-b3cf-07bb1e133f96,unc_basketball_03-31-23_02_2,Basketball,Late Expert,"Observations: The man jumps up and throws the ball into the basket.

Errors: The man should have thrown the ball with both hands to increase accuracy.

Skill Level: Intermediate Expert",Intermediate Expert,False,"Observations: The man X throws the ball into the basket.

Errors: The ball hits the backboard and falls down.

Skill Level: Intermediate Expert",Intermediate Expert,False
0a6f112f-6cd8-4c53-adda-0d7862804b87,unc_basketball_02-24-23_01_27,Basketball,Intermediate Expert,"Observations: The man is playing basketball. He is holding a ball with both hands. He is walking on the basketball court.

Errors: The man is not dribbling the ball. He is not shooting the ball.

Skill Level: Novice",Novice,False,Observations: The man X throws the ball to C. C catches the ball with his right hand. C throws the ball to the basketball hoop. The ball goes through the basketball hoop. C walks towards the basketball hoop. C picks up the ball from the ground. C throws the ball to the basketball hoop. The ball goes through the basketball hoop. C walks towards the basketball hoop. C picks up the ball from the ground. C throws the ball to the basketball hoop. The ball goes through the basketball hoop. C walks towards the basketball hoop. C picks up the ball from the ground. C throws the ball to the basketball hoop. The ball goes through the basketball hoop. C walks towards the basketball hoop. C picks up the ball from the ground. C throws the ball to the basketball hoop. The ball goes through the basketball hoop. C walks towards the basketball hoop. C picks up the ball from the ground. C throws the ball to the basketball hoop. The ball goes through the basketball hoop. C walks towards the basketball hoop. C picks up the ball from the ground. C throws the ball to the basketball hoop. The ball goes through the basketball hoop. C walks towards the basketball hoop. C picks up the ball from the ground. C throws the ball to the basketball hoop. The ball goes through the basketball hoop. C walks towards the basketball hoop. C picks up the ball from the ground. C throws the ball to the basketball hoop. The ball goes through the basketball,Unknown,False
01d6b5e1-4a4a-4e6b-a067-3bc7c7b83f0c,indiana_music_14_4,Music,Late Expert,"Observations: The person is playing the piano with both hands, moving his fingers across the keys. He appears to be focused on the sheet music in front of him.

Errors: There are no apparent errors in the person's movement. His posture and hand positioning suggest that he is playing the piano correctly.

Skill Level: Intermediate Expert",Intermediate Expert,False,"Observations: The person plays the piano with both hands. The person looks at the sheet music while playing the piano.

Errors: The person does not look at the sheet music while playing the piano.

Skill Level: Intermediate Expert",Intermediate Expert,False
3db860b7-a23a-4d9b-a988-4b656a608122,georgiatech_cooking_01_03_4,Cooking,Novice,"Observations: A man is standing in the kitchen. He is holding a bottle of oil in his right hand. He is pouring the oil into a pan on the stove with his right hand. The woman is standing at the counter in the background.

Errors: None.

Skill Level: Intermediate Expert",Intermediate Expert,False,"Observations: The man picks up a piece of food from the chopping board with his left hand, then picks up a knife with his right hand. He cuts the food into smaller pieces.

Errors: None.

Skill Level: Intermediate Expert",Intermediate Expert,False
655b89a8-9725-4756-9fc0-db01a580d88a,unc_basketball_03-31-23_02_38,Basketball,Late Expert,"Observations: The man jumps up and throws the ball into the hoop.

Errors: The man jumps up and throws the ball into the hoop.

Skill Level: Intermediate Expert",Intermediate Expert,False,"Observations: The man X throws the ball into the basket.

Errors: The ball hits the backboard and falls down.

Skill Level: Intermediate Expert",Intermediate Expert,False
1ec1409c-a3fd-46ab-8698-99f9317e9f13,iiith_cooking_02_3,Cooking,Novice,"Observations: The man X picks up a cup from the table with his right hand. He pours water into the cup from the kettle on the table with his left hand. He places the cup back on the table with his right hand. He picks up the lid of the kettle from the table with his left hand. He places the lid on the kettle with his left hand. He picks up the kettle from the table with his right hand. He places the kettle on the table with his right hand.

Errors: None.

Skill Level: Intermediate Expert",Intermediate Expert,False,"Observations: The person picks up a spoon from the table, then stirs the food in the pot on the stove with the spoon. The person then picks up a bowl from the table, then scoops some food from the pot into the bowl with the spoon. The person then places the bowl on the table.

Errors: The person should have used a spatula to stir the food in the pot instead of a spoon. The person should have used a spoon to scoop the food from the pot into the bowl instead of a spoon.

Skill Level: Novice",Novice,True
1771a0c1-fdf9-45f3-9049-b8e2fbd77ce6,sfu_basketball_09_4,Basketball,Novice,"Observations: The woman is playing basketball. She is holding a ball with her right hand. She is jumping up to throw the ball into the basket.

Errors: The woman is not throwing the ball into the basket. She is jumping up to throw the ball into the basket.

Skill Level: Novice",Novice,True,Observations: The man X throws the ball to C. C catches the ball with both hands. C throws the ball to the basket. The ball goes through the basket. C catches the ball with both hands. C throws the ball to the basket. The ball goes through the basket. C catches the ball with both hands. C throws the ball to the basket. The ball goes through the basket. C catches the ball with both hands. C throws the ball to the basket. The ball goes through the basket. C catches the ball with both hands. C throws the ball to the basket. The ball goes through the basket. C catches the ball with both hands. C throws the ball to the basket. The ball goes through the basket. C catches the ball with both hands. C throws the ball to the basket. The ball goes through the basket. C catches the ball with both hands. C throws the ball to the basket. The ball goes through the basket. C catches the ball with both hands. C throws the ball to the basket. The ball goes through the basket. C catches the ball with both hands. C throws the ball to the basket. The ball goes through the basket. C catches the ball with both hands. C throws the ball to the basket. The ball goes through the basket. C catches the ball with both hands. C throws the ball to the basket. The ball goes through the basket. C catches the ball with both hands. C throws the ball,Unknown,False
d870a86a-386d-43bd-9292-e1784d9de9cb,sfu_basketball_06_12,Basketball,Novice,"Observations: The man A throws the ball to the man B who catches it. Then, the man B throws the ball to the man C who catches it. After that, the man C throws the ball to the man D who catches it. Finally, the man D throws the ball to the man A who catches it.

Errors: There are no errors in the movement.

Skill Level: Intermediate Expert",Intermediate Expert,False,Observations: A man X throws a ball to C. C catches the ball. C throws the ball to B. B catches the ball. B throws the ball to C. C catches the ball. C throws the ball to B. B catches the ball. B throws the ball to C. C catches the ball. C throws the ball to B. B catches the ball. B throws the ball to C. C catches the ball. C throws the ball to B. B catches the ball. B throws the ball to C. C catches the ball. C throws the ball to B. B catches the ball. B throws the ball to C. C catches the ball. C throws the ball to B. B catches the ball. B throws the ball to C. C catches the ball. C throws the ball to B. B catches the ball. B throws the ball to C. C catches the ball. C throws the ball to B. B catches the ball. B throws the ball to C. C catches the ball. C throws the ball to B. B catches the ball. B throws the ball to C. C catches the ball. C throws the ball to B. B catches the ball. B throws the ball to C. C catches the ball. C throws the ball to B. B catches the ball. B throws the ball to C. C catches the ball. C throws the ball to B. B catches the ball. B throws the ball to C.,Unknown,False
80e3f935-b9f6-49cc-83b1-f5cff4761496,sfu_basketball_06_20,Basketball,Novice,"Observations: The man in the blue shirt is playing basketball. He is holding a ball with both hands, and he is jumping to throw the ball into the hoop.

Errors: The man in the blue shirt is not wearing a helmet, which could be dangerous if he falls while jumping.

Skill Level: Intermediate Expert",Intermediate Expert,False,"Observations: The person throws the ball towards the basketball hoop.

Errors: The person throws the ball too high.

Skill Level: Novice",Novice,True
0de804e8-619a-4e39-8dfb-e1244898c6cd,upenn_0728_Guitar_1_2,Music,Intermediate Expert,"Observations: The man is playing the guitar while sitting on a chair. He is wearing a helmet and glasses. His left hand is on the neck of the guitar, pressing down on the strings. His right hand is strumming the guitar.

Errors: The man's left hand is not positioned correctly on the neck of the guitar. It should be placed on the fretboard to press down on the strings. Additionally, his right hand is not strumming the guitar in a consistent manner.

Skill Level: Novice",Novice,False,"Observations: The person is playing the guitar with his left hand on the neck of the guitar and his right hand plucking the strings.

Errors: The person is not moving his left hand on the neck of the guitar.

Skill Level: Intermediate Expert",Intermediate Expert,True
06ba749b-bb6d-40f1-9ff8-464c07b94a3f,upenn_0726_Piano_1_5,Music,Intermediate Expert,"Observations: The man is playing the piano with his right hand on the keys.

Errors: The man is not looking at the sheet music while playing the piano.

Skill Level: Novice",Novice,False,"Observations: The person plays piano with both hands.

Errors: The person plays piano with both hands.

Skill Level: Intermediate Expert",Intermediate Expert,True
0015e453-3227-41b0-bd64-03c134abe054,sfu_cooking_013_3,Cooking,Novice,"Observations: The man is standing in front of the stove, looking at the pot on it.

Errors: There are no apparent errors in his movement.

Skill Level: Intermediate Expert",Intermediate Expert,False,"Observations: A person is cooking on a stove. The person is holding a pan with a spoon in it. The person is stirring food in a pan.

Errors: The person is not using a spatula to flip the food.

Skill Level: Novice",Novice,True
